{"loss": [0.383963942527771, 0.0006351162446662784, 0.00023887818679213524, 0.000124881393276155, 7.561878010164946e-05, 4.976916898158379e-05, 3.4547527320683e-05, 2.486844277882483e-05, 1.837832860474009e-05, 1.3850168215867598e-05], "accuracy": [0.9346622228622437, 1.0, 1.0, 1.0, 1.0, 1.0, 1.0, 1.0, 1.0, 1.0]}