{"loss": [1.0595838830340654e-05, 8.197977876989171e-06, 6.397013294190401e-06, 5.026069175073644e-06, 3.973756520281313e-06, 3.158301751682302e-06, 2.5175261271215277e-06, 2.0107693217141787e-06, 1.6108839417938725e-06, 1.2926875569974072e-06], "accuracy": [1.0, 1.0, 1.0, 1.0, 1.0, 1.0, 1.0, 1.0, 1.0, 1.0]}