{"loss": [2.236781358718872, 2.2367355823516846, 2.2367115020751953, 2.2366790771484375, 2.2366421222686768, 2.236588716506958, 2.236521005630493, 2.2364044189453125, 2.2362582683563232, 2.236060857772827], "accuracy": [0.08592020720243454, 0.08587755262851715, 0.08512387424707413, 0.08582918345928192, 0.08495081961154938, 0.08588571101427078, 0.08571142703294754, 0.08709000051021576, 0.08653571456670761, 0.08911367505788803], "val_loss": [2.2350258827209473, 2.235055685043335, 2.2350332736968994, 2.235038995742798, 2.2351269721984863, 2.2351136207580566, 2.23517107963562, 2.235455274581909, 2.2353763580322266, 2.235506534576416], "val_accuracy": [0.07863999903202057, 0.08674000203609467, 0.08951999992132187, 0.08792000263929367, 0.08383999764919281, 0.08225999772548676, 0.1020599976181984, 0.0835999995470047, 0.08814000338315964, 0.08169999718666077]}