{"loss": [2.236886739730835, 2.236849069595337, 2.236833333969116, 2.236812114715576, 2.2367806434631348, 2.2367327213287354, 2.2366831302642822, 2.2365896701812744, 2.236466884613037, 2.236297607421875], "accuracy": [0.08521489799022675, 0.08427693694829941, 0.08671673387289047, 0.08902040868997574, 0.0839591845870018, 0.08463020622730255, 0.08457387983798981, 0.08473489433526993, 0.08504204452037811, 0.08538142591714859], "val_loss": [2.23781156539917, 2.237867593765259, 2.237902879714966, 2.237877368927002, 2.237898826599121, 2.2379064559936523, 2.2379965782165527, 2.2380785942077637, 2.2383861541748047, 2.2382137775421143], "val_accuracy": [0.07565999776124954, 0.07583999633789062, 0.11066000163555145, 0.07947999984025955, 0.08020000159740448, 0.07878000289201736, 0.0797400027513504, 0.08755999803543091, 0.08222000300884247, 0.09042000025510788]}