{"loss": [2.2368485927581787, 2.2368149757385254, 2.2367918491363525, 2.2367594242095947, 2.236715078353882, 2.2366504669189453, 2.236541748046875, 2.2363991737365723, 2.236189603805542, 2.235905885696411], "accuracy": [0.08523958921432495, 0.08720285445451736, 0.09266000241041183, 0.092734694480896, 0.09315673261880875, 0.09395265579223633, 0.094364695250988, 0.09264857321977615, 0.09205693751573563, 0.09406694024801254], "val_loss": [2.236677646636963, 2.2366459369659424, 2.236659526824951, 2.2366366386413574, 2.236628532409668, 2.2366716861724854, 2.236772060394287, 2.237201690673828, 2.237014055252075, 2.2374536991119385], "val_accuracy": [0.07897999882698059, 0.09108000248670578, 0.07705999910831451, 0.1004600003361702, 0.10843999683856964, 0.09765999764204025, 0.08291999995708466, 0.08659999817609787, 0.08931999653577805, 0.0902400016784668]}