{"loss": [2.236086845397949, 2.236064910888672, 2.236050605773926, 2.236043930053711, 2.2360265254974365, 2.236011028289795, 2.2359933853149414, 2.2359752655029297, 2.235945224761963, 2.2359023094177246], "accuracy": [0.08628244698047638, 0.08656550943851471, 0.08510061353445053, 0.08670326322317123, 0.08689959347248077, 0.08627938479185104, 0.08461204171180725, 0.08568612486124039, 0.08550163358449936, 0.08686448633670807], "val_loss": [2.2308948040008545, 2.230886697769165, 2.2308363914489746, 2.2309138774871826, 2.2308857440948486, 2.2309203147888184, 2.230957508087158, 2.230877161026001, 2.230912208557129, 2.2308826446533203], "val_accuracy": [0.08423999696969986, 0.093299999833107, 0.09402000159025192, 0.09483999758958817, 0.07733999937772751, 0.0793600007891655, 0.08365999907255173, 0.08020000159740448, 0.08077999949455261, 0.08591999858617783]}