{"loss": [2.2364919185638428, 2.23647141456604, 2.236469268798828, 2.236459970474243, 2.236462354660034, 2.2364554405212402, 2.236447811126709, 2.2364399433135986, 2.2364342212677, 2.2364299297332764], "accuracy": [0.08650877326726913, 0.08733388036489487, 0.0836791843175888, 0.08271673321723938, 0.08635571599006653, 0.08698999881744385, 0.085528165102005, 0.08838693797588348, 0.09157183766365051, 0.08690346777439117], "val_loss": [2.2412631511688232, 2.2412519454956055, 2.2412376403808594, 2.241292715072632, 2.241290807723999, 2.241232395172119, 2.2412421703338623, 2.2412874698638916, 2.2412405014038086, 2.2412664890289307], "val_accuracy": [0.08229999989271164, 0.07583999633789062, 0.11429999768733978, 0.08668000251054764, 0.08055999875068665, 0.08020000159740448, 0.09803999960422516, 0.10760000348091125, 0.07677999883890152, 0.08630000054836273]}