{"loss": [2.2369070053100586, 2.236860752105713, 2.2368385791778564, 2.2368173599243164, 2.2367794513702393, 2.23673152923584, 2.2366557121276855, 2.236551284790039, 2.2363812923431396, 2.236173152923584], "accuracy": [0.08572367578744888, 0.08886530250310898, 0.0894257128238678, 0.08901877701282501, 0.08963652700185776, 0.08781550824642181, 0.08773162961006165, 0.08722081780433655, 0.08706755191087723, 0.08766999840736389], "val_loss": [2.2390825748443604, 2.23911714553833, 2.239119052886963, 2.239140272140503, 2.2392046451568604, 2.239180088043213, 2.2392971515655518, 2.2394139766693115, 2.2396669387817383, 2.2398431301116943], "val_accuracy": [0.08485999703407288, 0.0951400026679039, 0.08150000125169754, 0.0877000018954277, 0.07927999645471573, 0.08327999711036682, 0.08330000191926956, 0.07983999699354172, 0.07791999727487564, 0.08224000036716461]}