{"loss": [2.236825942993164, 2.236802577972412, 2.2367794513702393, 2.2367594242095947, 2.2367498874664307, 2.2367565631866455, 2.236758232116699, 2.2367148399353027, 2.236672878265381, 2.236644744873047], "accuracy": [0.08528836816549301, 0.08497387915849686, 0.08401796221733093, 0.08051367104053497, 0.0801030620932579, 0.08315795660018921, 0.07879612594842911, 0.08375857025384903, 0.08138632774353027, 0.08075040578842163], "val_loss": [2.239180564880371, 2.239182233810425, 2.2392282485961914, 2.2392163276672363, 2.2392096519470215, 2.2392516136169434, 2.239345073699951, 2.239370346069336, 2.2392988204956055, 2.2393712997436523], "val_accuracy": [0.07652000337839127, 0.07639999687671661, 0.07727999985218048, 0.07698000222444534, 0.09374000132083893, 0.08882000297307968, 0.07676000148057938, 0.08014000207185745, 0.07637999951839447, 0.08021999895572662]}