{"loss": [2.235971212387085, 2.235924243927002, 2.23592209815979, 2.2358999252319336, 2.2358756065368652, 2.2358458042144775, 2.235802173614502, 2.2357687950134277, 2.23574161529541, 2.235654592514038], "accuracy": [0.09064428508281708, 0.09314367175102234, 0.08944611996412277, 0.09535285830497742, 0.0911373496055603, 0.09534204006195068, 0.09337612241506577, 0.09490448981523514, 0.09461367130279541, 0.09397530555725098], "val_loss": [2.233755350112915, 2.2338075637817383, 2.2337777614593506, 2.233840227127075, 2.2338340282440186, 2.2339351177215576, 2.2338523864746094, 2.2338192462921143, 2.2339601516723633, 2.234117031097412], "val_accuracy": [0.14438000321388245, 0.08135999739170074, 0.08333999663591385, 0.0843999981880188, 0.1036200001835823, 0.07970000058412552, 0.10738000273704529, 0.07906000316143036, 0.08630000054836273, 0.08071999996900558]}