{"loss": [2.2361814975738525, 2.2361409664154053, 2.236128568649292, 2.2361135482788086, 2.2360854148864746, 2.236052989959717, 2.2360010147094727, 2.235928773880005, 2.2358102798461914, 2.2356433868408203], "accuracy": [0.08011408150196075, 0.08279183506965637, 0.09020530432462692, 0.08587775379419327, 0.08372673392295837, 0.08743918687105179, 0.08524734526872635, 0.08601897954940796, 0.08681897819042206, 0.08684203773736954], "val_loss": [2.2320525646209717, 2.2320921421051025, 2.2320847511291504, 2.23207688331604, 2.232070207595825, 2.2321383953094482, 2.2321560382843018, 2.23221492767334, 2.2323215007781982, 2.2325809001922607], "val_accuracy": [0.07812000066041946, 0.10305999964475632, 0.09105999767780304, 0.07816000282764435, 0.08100000023841858, 0.07788000255823135, 0.0846799984574318, 0.08163999766111374, 0.0768200010061264, 0.08501999825239182]}