{"loss": [2.2359251976013184, 2.2358758449554443, 2.235846996307373, 2.2358109951019287, 2.235778570175171, 2.23575758934021, 2.235687255859375, 2.235626697540283, 2.235518455505371, 2.235402822494507], "accuracy": [0.07960142940282822, 0.08257346600294113, 0.07954326272010803, 0.08527407795190811, 0.08340101689100266, 0.08245652914047241, 0.08307959139347076, 0.08355816453695297, 0.08464081585407257, 0.08677203953266144], "val_loss": [2.2366843223571777, 2.2367172241210938, 2.2367236614227295, 2.2367026805877686, 2.2368054389953613, 2.23685884475708, 2.2368173599243164, 2.2369306087493896, 2.237044334411621, 2.236969232559204], "val_accuracy": [0.08483999967575073, 0.0761599987745285, 0.09189999848604202, 0.08160000294446945, 0.08218000084161758, 0.07937999814748764, 0.08014000207185745, 0.07912000268697739, 0.08876000344753265, 0.08196000009775162]}