{"loss": [2.2353034019470215, 2.235250949859619, 2.235217809677124, 2.2351813316345215, 2.2351295948028564, 2.2350833415985107, 2.235023021697998, 2.2349534034729004, 2.2348670959472656, 2.234757900238037], "accuracy": [0.08276490122079849, 0.0817263275384903, 0.08278020471334457, 0.0835157111287117, 0.08388673514127731, 0.08500102162361145, 0.0847708135843277, 0.08440836519002914, 0.08369775861501694, 0.08436000347137451], "val_loss": [2.2335731983184814, 2.2335596084594727, 2.2335751056671143, 2.233597993850708, 2.2336668968200684, 2.2335803508758545, 2.2337141036987305, 2.233753204345703, 2.233720302581787, 2.2338666915893555], "val_accuracy": [0.0841199979186058, 0.08516000211238861, 0.08212000131607056, 0.08314000070095062, 0.09628000110387802, 0.08017999678850174, 0.0833199992775917, 0.07831999659538269, 0.08237999677658081, 0.08867999911308289]}