{"loss": [2.2364535331726074, 2.236403226852417, 2.236379623413086, 2.236341714859009, 2.2363054752349854, 2.2362778186798096, 2.236210823059082, 2.236144781112671, 2.236051559448242, 2.2359578609466553], "accuracy": [0.09148795902729034, 0.09794530272483826, 0.09657265245914459, 0.09155143052339554, 0.0935191810131073, 0.09212163090705872, 0.08923061192035675, 0.09135530889034271, 0.09140734374523163, 0.09125816076993942], "val_loss": [2.2328364849090576, 2.232893705368042, 2.2328555583953857, 2.2329750061035156, 2.232893228530884, 2.232937812805176, 2.233048677444458, 2.2331247329711914, 2.233231544494629, 2.2331976890563965], "val_accuracy": [0.11135999858379364, 0.07738000154495239, 0.08004000037908554, 0.08733999729156494, 0.08089999854564667, 0.07447999715805054, 0.11094000190496445, 0.08827999979257584, 0.08364000171422958, 0.08250000327825546]}