{"loss": [2.235985040664673, 2.235940456390381, 2.2359089851379395, 2.2358734607696533, 2.2358407974243164, 2.2357892990112305, 2.235740900039673, 2.2356503009796143, 2.235555410385132, 2.2354423999786377], "accuracy": [0.09672306478023529, 0.09194714576005936, 0.09217224270105362, 0.09349387884140015, 0.09039020538330078, 0.09379244595766068, 0.08867306262254715, 0.08843040466308594, 0.08769142627716064, 0.088234081864357], "val_loss": [2.2363879680633545, 2.236400604248047, 2.236467123031616, 2.2365591526031494, 2.236598014831543, 2.236678123474121, 2.236957550048828, 2.237030506134033, 2.2368719577789307, 2.237100601196289], "val_accuracy": [0.09149999916553497, 0.08023999631404877, 0.1081399992108345, 0.0954200029373169, 0.10066000372171402, 0.0765800029039383, 0.09713999927043915, 0.08575999736785889, 0.09549999982118607, 0.0940999984741211]}