{"loss": [2.235772132873535, 2.235719919204712, 2.235696315765381, 2.2356584072113037, 2.2356221675872803, 2.2355659008026123, 2.2355148792266846, 2.2354254722595215, 2.23532772064209, 2.235198974609375], "accuracy": [0.08795326203107834, 0.09485224634408951, 0.08797816187143326, 0.0907508134841919, 0.09050469100475311, 0.09369734674692154, 0.08970755338668823, 0.08948857337236404, 0.09188714623451233, 0.091119185090065], "val_loss": [2.235062837600708, 2.235060453414917, 2.2350564002990723, 2.235107660293579, 2.235100030899048, 2.2350878715515137, 2.235287666320801, 2.235281467437744, 2.2352817058563232, 2.2355167865753174], "val_accuracy": [0.08476000279188156, 0.07782000303268433, 0.09408000111579895, 0.10096000134944916, 0.09848000109195709, 0.07863999903202057, 0.08178000152111053, 0.08662000298500061, 0.0790800005197525, 0.08615999668836594]}