{"loss": [2.2372074127197266, 2.237154722213745, 2.2371344566345215, 2.2370941638946533, 2.2370505332946777, 2.2370119094848633, 2.2369325160980225, 2.236851215362549, 2.236767292022705, 2.23665189743042], "accuracy": [0.07760898023843765, 0.08193366974592209, 0.08782877773046494, 0.08738408237695694, 0.08937244862318039, 0.08596000075340271, 0.0867093876004219, 0.08821897953748703, 0.08785469084978104, 0.09134326875209808], "val_loss": [2.230637550354004, 2.230637311935425, 2.230652332305908, 2.2306644916534424, 2.2306723594665527, 2.2306807041168213, 2.230773448944092, 2.2308740615844727, 2.2309508323669434, 2.2309439182281494], "val_accuracy": [0.10038000345230103, 0.1020599976181984, 0.09511999785900116, 0.08603999763727188, 0.08500000089406967, 0.09657999873161316, 0.08494000136852264, 0.08609999716281891, 0.09684000164270401, 0.08231999725103378]}