{"loss": [2.23642897605896, 2.2363903522491455, 2.2363674640655518, 2.236340045928955, 2.23630428314209, 2.2362473011016846, 2.236157178878784, 2.2360353469848633, 2.2358455657958984, 2.2355968952178955], "accuracy": [0.08300775289535522, 0.0850846916437149, 0.08604224771261215, 0.08459898084402084, 0.08648979663848877, 0.0848369374871254, 0.08792571723461151, 0.08694897592067719, 0.0877634659409523, 0.08813571184873581], "val_loss": [2.235431432723999, 2.2353861331939697, 2.235367774963379, 2.235382080078125, 2.2354495525360107, 2.2355406284332275, 2.2355268001556396, 2.2357118129730225, 2.2356417179107666, 2.236100673675537], "val_accuracy": [0.07739999890327454, 0.07705999910831451, 0.09442000091075897, 0.09582000225782394, 0.08269999921321869, 0.09443999826908112, 0.07996000349521637, 0.08324000239372253, 0.08290000259876251, 0.08436000347137451]}