{"loss": [2.236227512359619, 2.236194133758545, 2.236178398132324, 2.2361602783203125, 2.2361268997192383, 2.2360877990722656, 2.236023426055908, 2.2359421253204346, 2.23583984375, 2.2356767654418945], "accuracy": [0.09275592118501663, 0.09208285808563232, 0.0906614288687706, 0.09180836379528046, 0.08931408077478409, 0.09048795700073242, 0.09081591665744781, 0.09389796108007431, 0.090548574924469, 0.0910063236951828], "val_loss": [2.243438482284546, 2.2434446811676025, 2.243400812149048, 2.2434470653533936, 2.2434351444244385, 2.2435357570648193, 2.243664026260376, 2.2436704635620117, 2.243823289871216, 2.2439990043640137], "val_accuracy": [0.11354000121355057, 0.08540000021457672, 0.10719999670982361, 0.08163999766111374, 0.09161999821662903, 0.08235999941825867, 0.1052199974656105, 0.08622000366449356, 0.09149999916553497, 0.08827999979257584]}