{"loss": [2.2357265949249268, 2.235684394836426, 2.235651731491089, 2.2356271743774414, 2.23559832572937, 2.2355644702911377, 2.235525608062744, 2.235537528991699, 2.2354423999786377, 2.2353787422180176], "accuracy": [0.08270306140184402, 0.08496449142694473, 0.0856928601861, 0.08411591500043869, 0.08667612075805664, 0.088074691593647, 0.08629387617111206, 0.08663550764322281, 0.08595041185617447, 0.08668714016675949], "val_loss": [2.2313764095306396, 2.231411933898926, 2.231426239013672, 2.2314701080322266, 2.23144268989563, 2.231487274169922, 2.2315237522125244, 2.23146390914917, 2.231583595275879, 2.2315149307250977], "val_accuracy": [0.07518000155687332, 0.07540000230073929, 0.0761599987745285, 0.08498000353574753, 0.07645999640226364, 0.08275999873876572, 0.08985999971628189, 0.08975999802350998, 0.09787999838590622, 0.08664000034332275]}