{"loss": [2.236379861831665, 2.236335039138794, 2.2363123893737793, 2.236290454864502, 2.2362558841705322, 2.2362191677093506, 2.2361814975738525, 2.236159563064575, 2.2361085414886475, 2.236090898513794], "accuracy": [0.0847112238407135, 0.08659999817609787, 0.084589384496212, 0.08652632683515549, 0.08596652746200562, 0.08754000067710876, 0.08688795566558838, 0.08641204237937927, 0.08617163449525833, 0.08552142977714539], "val_loss": [2.231996536254883, 2.231985092163086, 2.232027769088745, 2.2319111824035645, 2.2320244312286377, 2.2320268154144287, 2.232016086578369, 2.232042074203491, 2.2320454120635986, 2.231905937194824], "val_accuracy": [0.07788000255823135, 0.07705999910831451, 0.08686000108718872, 0.08472000062465668, 0.07959999889135361, 0.0760200023651123, 0.08383999764919281, 0.08389999717473984, 0.08009999990463257, 0.07782000303268433]}