{"loss": [2.2366364002227783, 2.2366182804107666, 2.236609935760498, 2.2366061210632324, 2.236598253250122, 2.2365894317626953, 2.2365753650665283, 2.236567735671997, 2.2365505695343018, 2.236524820327759], "accuracy": [0.08041183650493622, 0.08550836890935898, 0.082608163356781, 0.08190754801034927, 0.0839487761259079, 0.08118897676467896, 0.0816110223531723, 0.08176959306001663, 0.08191347122192383, 0.08362020552158356], "val_loss": [2.2368996143341064, 2.2369396686553955, 2.2369277477264404, 2.2369496822357178, 2.236945629119873, 2.236919641494751, 2.2370083332061768, 2.2369697093963623, 2.2370126247406006, 2.2370572090148926], "val_accuracy": [0.08889999985694885, 0.08416000008583069, 0.0837400034070015, 0.07980000227689743, 0.07881999760866165, 0.0785600021481514, 0.07744000107049942, 0.07955999672412872, 0.08754000067710876, 0.07515999674797058]}