{"loss": [2.236450672149658, 2.2364249229431152, 2.2364063262939453, 2.2363808155059814, 2.2363548278808594, 2.236315965652466, 2.236265182495117, 2.236198663711548, 2.236114263534546, 2.236015558242798], "accuracy": [0.07969754934310913, 0.07766734808683395, 0.08052203804254532, 0.08173143118619919, 0.08033204078674316, 0.08086510002613068, 0.08089816570281982, 0.08127326518297195, 0.08181775361299515, 0.08238836377859116], "val_loss": [2.2389116287231445, 2.238882303237915, 2.238942861557007, 2.238942861557007, 2.2389209270477295, 2.2389297485351562, 2.2389814853668213, 2.2389872074127197, 2.2391738891601562, 2.2391810417175293], "val_accuracy": [0.07587999850511551, 0.07977999746799469, 0.07878000289201736, 0.08590000122785568, 0.07735999673604965, 0.08132000267505646, 0.08163999766111374, 0.07930000126361847, 0.07840000092983246, 0.07906000316143036]}