{"loss": [2.2366533279418945, 2.2366113662719727, 2.2365920543670654, 2.2365612983703613, 2.236527681350708, 2.2364847660064697, 2.2364394664764404, 2.2363815307617188, 2.2363078594207764, 2.23622989654541], "accuracy": [0.0800965279340744, 0.08943142741918564, 0.08568183332681656, 0.09069571644067764, 0.08645020425319672, 0.08869265019893646, 0.08882244676351547, 0.08747877180576324, 0.08940816670656204, 0.08780816197395325], "val_loss": [2.241777181625366, 2.241769313812256, 2.241762638092041, 2.2417259216308594, 2.2418160438537598, 2.241831064224243, 2.2418413162231445, 2.241919994354248, 2.2420873641967773, 2.2419190406799316], "val_accuracy": [0.08173999935388565, 0.07649999856948853, 0.09431999921798706, 0.07742000371217728, 0.08742000162601471, 0.08410000056028366, 0.07795999944210052, 0.0820000022649765, 0.08320000022649765, 0.08912000060081482]}