{"loss": [2.236522912979126, 2.236475706100464, 2.2364540100097656, 2.2364163398742676, 2.2363791465759277, 2.2363173961639404, 2.2362523078918457, 2.2361624240875244, 2.2360405921936035, 2.235921859741211], "accuracy": [0.08390510082244873, 0.09257367253303528, 0.08985408395528793, 0.0892648994922638, 0.08861245214939117, 0.08740877360105515, 0.08654224127531052, 0.08551734685897827, 0.08696000277996063, 0.08639509975910187], "val_loss": [2.2385900020599365, 2.238567352294922, 2.238616466522217, 2.238633871078491, 2.2386574745178223, 2.238708019256592, 2.238643169403076, 2.238846778869629, 2.2388720512390137, 2.2389492988586426], "val_accuracy": [0.08336000144481659, 0.09185999631881714, 0.09003999829292297, 0.0812000036239624, 0.07868000119924545, 0.09241999685764313, 0.08444000035524368, 0.09034000337123871, 0.08714000135660172, 0.08473999798297882]}