{"loss": [2.236172676086426, 2.2361326217651367, 2.23610782623291, 2.236093282699585, 2.2360684871673584, 2.2360386848449707, 2.235994338989258, 2.2359325885772705, 2.235851287841797, 2.235740900039673], "accuracy": [0.08176632970571518, 0.08539510518312454, 0.08545326441526413, 0.08396918326616287, 0.08788082003593445, 0.08455918729305267, 0.08725428581237793, 0.08657244592905045, 0.08738795667886734, 0.0889226496219635], "val_loss": [2.2378711700439453, 2.23787522315979, 2.2378549575805664, 2.2378365993499756, 2.2378945350646973, 2.2379164695739746, 2.2379653453826904, 2.237931251525879, 2.237988233566284, 2.2380926609039307], "val_accuracy": [0.08342000097036362, 0.07614000141620636, 0.0782800018787384, 0.08532000333070755, 0.07704000174999237, 0.08393999934196472, 0.08045999705791473, 0.08801999688148499, 0.08755999803543091, 0.08188000321388245]}