{"loss": [2.2365474700927734, 2.236515998840332, 2.2364964485168457, 2.236476182937622, 2.2364487648010254, 2.2364115715026855, 2.23636531829834, 2.2362961769104004, 2.236212968826294, 2.2361364364624023], "accuracy": [0.08305959403514862, 0.08321632444858551, 0.08102979511022568, 0.08322612196207047, 0.08622387796640396, 0.08235245198011398, 0.08464653044939041, 0.08163204044103622, 0.08183306455612183, 0.0826314315199852], "val_loss": [2.2347004413604736, 2.2347679138183594, 2.2346978187561035, 2.2347097396850586, 2.234687089920044, 2.2348086833953857, 2.23488450050354, 2.234856605529785, 2.2349236011505127, 2.235039472579956], "val_accuracy": [0.07788000255823135, 0.0748400017619133, 0.12008000165224075, 0.08234000205993652, 0.07891999930143356, 0.11128000169992447, 0.07779999822378159, 0.07930000126361847, 0.08596000075340271, 0.10555999726057053]}