{"loss": [2.236902952194214, 2.236870288848877, 2.236853837966919, 2.2368288040161133, 2.236799716949463, 2.2367637157440186, 2.236706018447876, 2.2366504669189453, 2.2365660667419434, 2.236454963684082], "accuracy": [0.08509040623903275, 0.08814020454883575, 0.0859961211681366, 0.08601591736078262, 0.08839714527130127, 0.08806775510311127, 0.08834204077720642, 0.08924999833106995, 0.08879102021455765, 0.08813857287168503], "val_loss": [2.234560966491699, 2.234588146209717, 2.2346200942993164, 2.2346596717834473, 2.2346410751342773, 2.234617233276367, 2.2346081733703613, 2.234738349914551, 2.2348318099975586, 2.2347187995910645], "val_accuracy": [0.1050800010561943, 0.07474000006914139, 0.07884000241756439, 0.10028000175952911, 0.09086000174283981, 0.09707999974489212, 0.08173999935388565, 0.08907999843358994, 0.07750000059604645, 0.08545999974012375]}