{"loss": [2.2365005016326904, 2.2364695072174072, 2.236459493637085, 2.236457109451294, 2.236447334289551, 2.236429452896118, 2.236405372619629, 2.2363719940185547, 2.236332654953003, 2.236286163330078], "accuracy": [0.07903510332107544, 0.07990816235542297, 0.08098714053630829, 0.07839857041835785, 0.08140367269515991, 0.07746714353561401, 0.07987041026353836, 0.07866694033145905, 0.08070265501737595, 0.08080020546913147], "val_loss": [2.235095739364624, 2.23514723777771, 2.235140085220337, 2.2351698875427246, 2.235153913497925, 2.2351582050323486, 2.235168218612671, 2.2351770401000977, 2.2352144718170166, 2.235175371170044], "val_accuracy": [0.09108000248670578, 0.07686000317335129, 0.07541999965906143, 0.0753600001335144, 0.07711999863386154, 0.09036000072956085, 0.0746999979019165, 0.07614000141620636, 0.07478000223636627, 0.07621999830007553]}