{"loss": [2.2360782623291016, 2.236046552658081, 2.2360270023345947, 2.2359979152679443, 2.23595929145813, 2.235908269882202, 2.2358431816101074, 2.2357468605041504, 2.235628604888916, 2.235462188720703], "accuracy": [0.09220898151397705, 0.09410060942173004, 0.09156020730733871, 0.09066938608884811, 0.09044081717729568, 0.09022898226976395, 0.08805041015148163, 0.08770265430212021, 0.08755142986774445, 0.08760877698659897], "val_loss": [2.2391889095306396, 2.2392032146453857, 2.239210844039917, 2.2392261028289795, 2.2391974925994873, 2.2393105030059814, 2.239295482635498, 2.239372730255127, 2.239475965499878, 2.239574670791626], "val_accuracy": [0.12285999953746796, 0.07909999787807465, 0.11169999837875366, 0.10288000106811523, 0.10305999964475632, 0.08829999715089798, 0.08569999784231186, 0.08320000022649765, 0.08188000321388245, 0.09160000085830688]}