{"loss": [2.2358222007751465, 2.2357938289642334, 2.235788583755493, 2.235765218734741, 2.235741138458252, 2.235724687576294, 2.235701322555542, 2.2356679439544678, 2.2356388568878174, 2.235591173171997], "accuracy": [0.07657979428768158, 0.07788816094398499, 0.07994060963392258, 0.07943816483020782, 0.08128143101930618, 0.07947918027639389, 0.08066775649785995, 0.0830230638384819, 0.0808095932006836, 0.08122652769088745], "val_loss": [2.2315242290496826, 2.231510639190674, 2.231501817703247, 2.2315762042999268, 2.231508731842041, 2.231609582901001, 2.2315750122070312, 2.2315785884857178, 2.2315757274627686, 2.2315709590911865], "val_accuracy": [0.07729999721050262, 0.07599999755620956, 0.0805400013923645, 0.07580000162124634, 0.07618000358343124, 0.07621999830007553, 0.07593999803066254, 0.07451999932527542, 0.08070000261068344, 0.07947999984025955]}