{"loss": [2.2365784645080566, 2.236546277999878, 2.23652720451355, 2.236506223678589, 2.236480474472046, 2.236429214477539, 2.236372947692871, 2.2363054752349854, 2.236215829849243, 2.236098289489746], "accuracy": [0.08125346899032593, 0.0782579556107521, 0.07883387804031372, 0.08038265258073807, 0.08127326518297195, 0.0808991864323616, 0.08180877566337585, 0.08059652894735336, 0.0819481611251831, 0.08240469545125961], "val_loss": [2.2373831272125244, 2.2373807430267334, 2.237394332885742, 2.237419843673706, 2.23736834526062, 2.2374396324157715, 2.237597942352295, 2.237546682357788, 2.2375524044036865, 2.2375080585479736], "val_accuracy": [0.07440000027418137, 0.08523999899625778, 0.08547999709844589, 0.08963999897241592, 0.08167999982833862, 0.09335999935865402, 0.07835999876260757, 0.08098000288009644, 0.08470000326633453, 0.07714000344276428]}