{"loss": [2.2361319065093994, 2.2361018657684326, 2.2360856533050537, 2.2360634803771973, 2.2360363006591797, 2.2359955310821533, 2.2359426021575928, 2.2359001636505127, 2.2358131408691406, 2.2357017993927], "accuracy": [0.08471652865409851, 0.08161265403032303, 0.0866769403219223, 0.08165755122900009, 0.08389592170715332, 0.08513163030147552, 0.08590530604124069, 0.08383877575397491, 0.08248795568943024, 0.08623326569795609], "val_loss": [2.2302768230438232, 2.230271577835083, 2.2303168773651123, 2.2303500175476074, 2.2303707599639893, 2.2303307056427, 2.230318069458008, 2.2304599285125732, 2.2304723262786865, 2.2305006980895996], "val_accuracy": [0.07410000264644623, 0.10617999732494354, 0.07739999890327454, 0.08055999875068665, 0.07587999850511551, 0.07648000121116638, 0.07716000080108643, 0.07872000336647034, 0.10458000004291534, 0.08073999732732773]}