{"loss": [2.2364237308502197, 2.2363839149475098, 2.2363674640655518, 2.2363433837890625, 2.236309289932251, 2.2362477779388428, 2.2361676692962646, 2.2360472679138184, 2.235869884490967, 2.2356367111206055], "accuracy": [0.08680795878171921, 0.084673672914505, 0.08670816570520401, 0.0896577537059784, 0.08795122802257538, 0.0898406133055687, 0.09006898105144501, 0.09076938778162003, 0.09169285744428635, 0.0924353078007698], "val_loss": [2.23282527923584, 2.2328829765319824, 2.2328970432281494, 2.232886791229248, 2.232856035232544, 2.232865571975708, 2.232905626296997, 2.2329812049865723, 2.233072280883789, 2.233032703399658], "val_accuracy": [0.07394000142812729, 0.07784000039100647, 0.11367999762296677, 0.08786000311374664, 0.09229999780654907, 0.08861999958753586, 0.10016000270843506, 0.08963999897241592, 0.08603999763727188, 0.09220000356435776]}