{"loss": [2.235896110534668, 2.2358505725860596, 2.235826253890991, 2.2357935905456543, 2.235745429992676, 2.2356789112091064, 2.2355740070343018, 2.235438108444214, 2.2352402210235596, 2.234992027282715], "accuracy": [0.08865837007761002, 0.0886283665895462, 0.09008897840976715, 0.08928918093442917, 0.09096163511276245, 0.08865489810705185, 0.08860163390636444, 0.08837224543094635, 0.08919816464185715, 0.08903203904628754], "val_loss": [2.2404558658599854, 2.2404637336730957, 2.240485906600952, 2.2405266761779785, 2.2406005859375, 2.2406022548675537, 2.2409441471099854, 2.2407166957855225, 2.2411625385284424, 2.241065502166748], "val_accuracy": [0.07955999672412872, 0.0910400003194809, 0.08547999709844589, 0.09644000232219696, 0.07773999869823456, 0.09641999751329422, 0.08742000162601471, 0.08553999662399292, 0.08066000044345856, 0.08500000089406967]}