{"loss": [2.23649001121521, 2.2364466190338135, 2.236424207687378, 2.2363882064819336, 2.2363462448120117, 2.2362866401672363, 2.236206293106079, 2.236133575439453, 2.23602557182312, 2.2359020709991455], "accuracy": [0.0876714289188385, 0.0981079563498497, 0.09912530332803726, 0.10175877809524536, 0.09859183430671692, 0.09954550862312317, 0.09962183982133865, 0.10246653109788895, 0.10335632413625717, 0.09922591596841812], "val_loss": [2.2427027225494385, 2.242703914642334, 2.242685317993164, 2.242736339569092, 2.2427992820739746, 2.2427499294281006, 2.2429232597351074, 2.2427098751068115, 2.2429161071777344, 2.2430684566497803], "val_accuracy": [0.1507599949836731, 0.09223999828100204, 0.0812000036239624, 0.07756000012159348, 0.09446000307798386, 0.08696000277996063, 0.11552000045776367, 0.09241999685764313, 0.07840000092983246, 0.10835999995470047]}