{"loss": [2.2371137142181396, 2.2370822429656982, 2.2370617389678955, 2.237044095993042, 2.23702335357666, 2.2369868755340576, 2.236938953399658, 2.2368853092193604, 2.2368321418762207, 2.2367517948150635], "accuracy": [0.07891714572906494, 0.0818742886185646, 0.08266592025756836, 0.08010979741811752, 0.0825146958231926, 0.08422816544771194, 0.08307939022779465, 0.08418551087379456, 0.08439408242702484, 0.08411101996898651], "val_loss": [2.248769760131836, 2.2487733364105225, 2.248786687850952, 2.248753309249878, 2.2489144802093506, 2.2488272190093994, 2.248931646347046, 2.2488720417022705, 2.248831272125244, 2.2489681243896484], "val_accuracy": [0.0763000026345253, 0.07611999660730362, 0.07667999714612961, 0.09074000269174576, 0.07880000025033951, 0.07915999740362167, 0.07887999713420868, 0.0860000029206276, 0.07885999977588654, 0.08290000259876251]}