{"loss": [2.2368531227111816, 2.2368223667144775, 2.236809730529785, 2.2367982864379883, 2.2367799282073975, 2.236759662628174, 2.2367360591888428, 2.2367048263549805, 2.2366578578948975, 2.236593246459961], "accuracy": [0.08084122091531754, 0.08386122435331345, 0.08359408378601074, 0.08535897731781006, 0.08280856907367706, 0.08488918095827103, 0.08436224609613419, 0.08672061562538147, 0.08576469123363495, 0.08677938580513], "val_loss": [2.2362661361694336, 2.236335277557373, 2.2362442016601562, 2.2362358570098877, 2.23625111579895, 2.2362334728240967, 2.2363219261169434, 2.2363321781158447, 2.2363500595092773, 2.236691951751709], "val_accuracy": [0.09557999670505524, 0.07506000250577927, 0.08777999877929688, 0.0772399976849556, 0.08132000267505646, 0.07846000045537949, 0.08523999899625778, 0.07835999876260757, 0.0868000015616417, 0.08055999875068665]}