{"loss": [2.236510753631592, 2.236475706100464, 2.236457586288452, 2.2364342212677, 2.236402750015259, 2.2363526821136475, 2.2362847328186035, 2.236236095428467, 2.2360897064208984, 2.235948085784912], "accuracy": [0.07843979448080063, 0.08392102271318436, 0.07936734706163406, 0.08304101973772049, 0.08281143009662628, 0.08463836461305618, 0.08434653282165527, 0.08447122573852539, 0.086783267557621, 0.08765102177858353], "val_loss": [2.2351925373077393, 2.2352213859558105, 2.235215902328491, 2.2352583408355713, 2.235313892364502, 2.235300302505493, 2.2354538440704346, 2.235471248626709, 2.235471248626709, 2.2355103492736816], "val_accuracy": [0.07586000114679337, 0.07506000250577927, 0.07598000019788742, 0.07906000316143036, 0.0812000036239624, 0.07689999788999557, 0.0785600021481514, 0.07614000141620636, 0.0828000009059906, 0.07801999896764755]}