{"loss": [2.236750841140747, 2.2367117404937744, 2.236692190170288, 2.2366573810577393, 2.236625909805298, 2.236593008041382, 2.2365214824676514, 2.236447334289551, 2.236344814300537, 2.2362279891967773], "accuracy": [0.08312612026929855, 0.08836735039949417, 0.08714959025382996, 0.08648530393838882, 0.08918612450361252, 0.08560367673635483, 0.08654060959815979, 0.08640775829553604, 0.09012939035892487, 0.08747469633817673], "val_loss": [2.237520933151245, 2.237551212310791, 2.2375171184539795, 2.237508535385132, 2.237635612487793, 2.2376017570495605, 2.2376961708068848, 2.2377119064331055, 2.237816572189331, 2.23799204826355], "val_accuracy": [0.11606000363826752, 0.09149999916553497, 0.1023000031709671, 0.09564000368118286, 0.08271999657154083, 0.09399999678134918, 0.08196000009775162, 0.08584000170230865, 0.0798799991607666, 0.08699999749660492]}