{"loss": [2.2359564304351807, 2.2359049320220947, 2.2358827590942383, 2.2358503341674805, 2.235806703567505, 2.235762357711792, 2.2357020378112793, 2.235633611679077, 2.235610246658325, 2.235483407974243], "accuracy": [0.07937183976173401, 0.0805295929312706, 0.08312653005123138, 0.08340203762054443, 0.0831863284111023, 0.0835791826248169, 0.08484816551208496, 0.08591285347938538, 0.08459918200969696, 0.08454754948616028], "val_loss": [2.231127977371216, 2.231147050857544, 2.231119155883789, 2.2311949729919434, 2.2313318252563477, 2.2312307357788086, 2.2312660217285156, 2.231421947479248, 2.2312591075897217, 2.2316412925720215], "val_accuracy": [0.08399999886751175, 0.08111999928951263, 0.07891999930143356, 0.08243999630212784, 0.08724000304937363, 0.08033999800682068, 0.0800200030207634, 0.07763999700546265, 0.08123999834060669, 0.08761999756097794]}