{"loss": [2.237025737762451, 2.236938714981079, 2.2369325160980225, 2.236924648284912, 2.236919403076172, 2.23691463470459, 2.2369065284729004, 2.236902952194214, 2.2369043827056885, 2.2368929386138916], "accuracy": [0.07855939120054245, 0.07977918535470963, 0.08045060932636261, 0.08072163164615631, 0.08196836709976196, 0.08091755211353302, 0.08030326664447784, 0.0805438756942749, 0.08215061575174332, 0.08413183689117432], "val_loss": [2.235335350036621, 2.2352347373962402, 2.235236644744873, 2.235328197479248, 2.235271692276001, 2.235257863998413, 2.2352724075317383, 2.2352495193481445, 2.2352793216705322, 2.2352452278137207], "val_accuracy": [0.08708000183105469, 0.07670000195503235, 0.08104000240564346, 0.0798799991607666, 0.07627999782562256, 0.08262000232934952, 0.09477999806404114, 0.07912000268697739, 0.07665999978780746, 0.07943999767303467]}