{"loss": [2.2361714839935303, 2.236130714416504, 2.236107110977173, 2.2360734939575195, 2.23602294921875, 2.2359673976898193, 2.23588228225708, 2.23575758934021, 2.2355923652648926, 2.2353951930999756], "accuracy": [0.087833471596241, 0.08933693915605545, 0.09257122129201889, 0.08855918049812317, 0.09006428718566895, 0.0903281643986702, 0.09242673218250275, 0.08984346687793732, 0.09230183809995651, 0.08991754800081253], "val_loss": [2.236711263656616, 2.236693859100342, 2.236680269241333, 2.2367193698883057, 2.236708879470825, 2.2368388175964355, 2.2368412017822266, 2.236915111541748, 2.2370455265045166, 2.237154006958008], "val_accuracy": [0.08885999768972397, 0.09257999807596207, 0.08461999893188477, 0.09827999770641327, 0.07958000153303146, 0.08619999885559082, 0.07909999787807465, 0.10171999782323837, 0.0808200016617775, 0.08922000229358673]}