{"loss": [2.2367167472839355, 2.236689805984497, 2.2366764545440674, 2.2366580963134766, 2.236635446548462, 2.2366085052490234, 2.2365670204162598, 2.2365081310272217, 2.236431837081909, 2.236328363418579], "accuracy": [0.08903101831674576, 0.08570469170808792, 0.08510040491819382, 0.08886714279651642, 0.08867591619491577, 0.08446857333183289, 0.09137122333049774, 0.08732449263334274, 0.0859040841460228, 0.08582938462495804], "val_loss": [2.229551076889038, 2.2295384407043457, 2.229510545730591, 2.2294728755950928, 2.2294344902038574, 2.2294857501983643, 2.2295479774475098, 2.229536533355713, 2.2295267581939697, 2.229743003845215], "val_accuracy": [0.07355999946594238, 0.08569999784231186, 0.08382000029087067, 0.11262000352144241, 0.09397999942302704, 0.08569999784231186, 0.08634000271558762, 0.07673999667167664, 0.08463999629020691, 0.07931999862194061]}