{"loss": [2.236562967300415, 2.2365221977233887, 2.2365028858184814, 2.236469268798828, 2.236424446105957, 2.236377000808716, 2.236316204071045, 2.2362353801727295, 2.2361338138580322, 2.235996723175049], "accuracy": [0.08703448623418808, 0.08785898238420486, 0.0883016362786293, 0.08796938508749008, 0.08659673482179642, 0.08529938757419586, 0.08393428474664688, 0.0863255113363266, 0.0854671448469162, 0.08728673309087753], "val_loss": [2.238797903060913, 2.2387890815734863, 2.238799810409546, 2.2389492988586426, 2.23905086517334, 2.2390475273132324, 2.2392520904541016, 2.2391200065612793, 2.2393038272857666, 2.2393593788146973], "val_accuracy": [0.07441999763250351, 0.0763000026345253, 0.07500000298023224, 0.1085600033402443, 0.07701999694108963, 0.07739999890327454, 0.09124000370502472, 0.08030000329017639, 0.08776000142097473, 0.07885999977588654]}