{"loss": [2.2365362644195557, 2.2365002632141113, 2.236482620239258, 2.2364614009857178, 2.2364284992218018, 2.2363760471343994, 2.2363057136535645, 2.236194610595703, 2.2360403537750244, 2.235832691192627], "accuracy": [0.09288326650857925, 0.092013880610466, 0.0935361236333847, 0.09365183860063553, 0.09276163578033447, 0.0920591801404953, 0.09179162979125977, 0.09077755361795425, 0.09072592109441757, 0.09006959199905396], "val_loss": [2.2367501258850098, 2.236811876296997, 2.2368268966674805, 2.236867666244507, 2.2368695735931396, 2.2369813919067383, 2.236988067626953, 2.2369964122772217, 2.237119197845459, 2.237272024154663], "val_accuracy": [0.08297999948263168, 0.08947999775409698, 0.08107999712228775, 0.08743999898433685, 0.08876000344753265, 0.10344000160694122, 0.08844000101089478, 0.08410000056028366, 0.08615999668836594, 0.08801999688148499]}