{"loss": [2.2363290786743164, 2.236295223236084, 2.2362747192382812, 2.2362444400787354, 2.2361984252929688, 2.2361342906951904, 2.2360453605651855, 2.2359044551849365, 2.2357077598571777, 2.2354543209075928], "accuracy": [0.09053449332714081, 0.08988755196332932, 0.08848224580287933, 0.08996530622243881, 0.08652061223983765, 0.0905524492263794, 0.08723612129688263, 0.08820387721061707, 0.08873489499092102, 0.08910509943962097], "val_loss": [2.2336525917053223, 2.233643054962158, 2.233652114868164, 2.2336349487304688, 2.233711004257202, 2.2337539196014404, 2.2337844371795654, 2.2338922023773193, 2.2341318130493164, 2.2343320846557617], "val_accuracy": [0.08488000184297562, 0.08483999967575073, 0.09254000335931778, 0.08724000304937363, 0.09830000251531601, 0.07885999977588654, 0.09126000106334686, 0.08675999939441681, 0.0873199999332428, 0.09278000146150589]}