{"loss": [2.236902952194214, 2.236856698989868, 2.236835241317749, 2.2367959022521973, 2.2367517948150635, 2.236694097518921, 2.236628293991089, 2.2365286350250244, 2.236435651779175, 2.2363059520721436], "accuracy": [0.0852220430970192, 0.08673939108848572, 0.08526632934808731, 0.08865591883659363, 0.09436918050050735, 0.09470999985933304, 0.09642816334962845, 0.09384000301361084, 0.09295448660850525, 0.09737244993448257], "val_loss": [2.2318429946899414, 2.2318460941314697, 2.2318227291107178, 2.231865644454956, 2.2319204807281494, 2.2319726943969727, 2.2319889068603516, 2.23209810256958, 2.232128858566284, 2.232229709625244], "val_accuracy": [0.07654000073671341, 0.07887999713420868, 0.096220001578331, 0.10382000356912613, 0.10642000287771225, 0.10016000270843506, 0.08173999935388565, 0.08851999789476395, 0.09984000027179718, 0.08934000134468079]}