{"loss": [2.2363317012786865, 2.236285924911499, 2.2362663745880127, 2.23624324798584, 2.2362098693847656, 2.23616361618042, 2.2360963821411133, 2.2360005378723145, 2.235889434814453, 2.235743284225464], "accuracy": [0.08920571208000183, 0.08715734630823135, 0.08694510161876678, 0.08433367311954498, 0.08785183727741241, 0.08495061099529266, 0.08563816547393799, 0.08682775497436523, 0.08657857030630112, 0.08682632446289062], "val_loss": [2.2417213916778564, 2.241725206375122, 2.2417125701904297, 2.241718292236328, 2.241743803024292, 2.24174427986145, 2.2418088912963867, 2.2417945861816406, 2.2419400215148926, 2.2420685291290283], "val_accuracy": [0.08110000193119049, 0.08743999898433685, 0.0862400010228157, 0.08429999649524689, 0.08021999895572662, 0.07930000126361847, 0.0801599994301796, 0.08814000338315964, 0.08132000267505646, 0.08278000354766846]}