{"loss": [2.236652374267578, 2.236598491668701, 2.236567258834839, 2.2365379333496094, 2.236490488052368, 2.236440896987915, 2.236391305923462, 2.2363383769989014, 2.2362301349639893, 2.2361276149749756], "accuracy": [0.10097143054008484, 0.0970381647348404, 0.08927346765995026, 0.09692183881998062, 0.09880755096673965, 0.09506653249263763, 0.09747306257486343, 0.09846163541078568, 0.09516775608062744, 0.09519489854574203], "val_loss": [2.2355589866638184, 2.2355616092681885, 2.2356014251708984, 2.2356908321380615, 2.2356910705566406, 2.2356269359588623, 2.2356836795806885, 2.2357091903686523, 2.235826253890991, 2.2359251976013184], "val_accuracy": [0.08030000329017639, 0.08765999972820282, 0.12014000117778778, 0.08959999680519104, 0.0979200005531311, 0.09939999878406525, 0.08699999749660492, 0.07689999788999557, 0.08612000197172165, 0.09477999806404114]}