{"loss": [2.2361512184143066, 2.2361395359039307, 2.2361226081848145, 2.2361092567443848, 2.2360963821411133, 2.2360782623291016, 2.2360587120056152, 2.2360405921936035, 2.2360029220581055, 2.235987663269043], "accuracy": [0.07691898196935654, 0.07604734599590302, 0.07788673788309097, 0.07938510179519653, 0.07836693525314331, 0.08077775686979294, 0.07892081886529922, 0.0841730609536171, 0.08005612343549728, 0.07936632633209229], "val_loss": [2.23046875, 2.230482578277588, 2.2304608821868896, 2.2304961681365967, 2.230482339859009, 2.2305078506469727, 2.230548858642578, 2.230508804321289, 2.2306878566741943, 2.2305963039398193], "val_accuracy": [0.07531999796628952, 0.07583999633789062, 0.07652000337839127, 0.07664000242948532, 0.10047999769449234, 0.08551999926567078, 0.10238000005483627, 0.07717999815940857, 0.07680000364780426, 0.07919999957084656]}