{"loss": [2.235767364501953, 2.2357330322265625, 2.2357165813446045, 2.235690116882324, 2.235659599304199, 2.2355988025665283, 2.2355265617370605, 2.2354178428649902, 2.235267162322998, 2.2350544929504395], "accuracy": [0.08229367434978485, 0.08023714274168015, 0.0830593854188919, 0.08327959477901459, 0.08531203866004944, 0.08416571468114853, 0.08699653297662735, 0.08681734651327133, 0.08795714378356934, 0.08868693560361862], "val_loss": [2.236666440963745, 2.2367494106292725, 2.23675537109375, 2.236697196960449, 2.236685037612915, 2.2367093563079834, 2.2367308139801025, 2.237006902694702, 2.2370307445526123, 2.237027645111084], "val_accuracy": [0.0814799964427948, 0.07513999938964844, 0.0784199982881546, 0.07885999977588654, 0.0842600017786026, 0.08764000236988068, 0.08622000366449356, 0.08433999866247177, 0.08060000091791153, 0.09371999651193619]}